Datetime,Water Level (m)
2026-02-08 06:00:00,0.27083027
2026-02-08 07:00:00,0.31640282
2026-02-08 08:00:00,0.23474859
2026-02-08 09:00:00,0.04349053
2026-02-08 10:00:00,-0.26686624
2026-02-08 11:00:00,-0.5664055
2026-02-08 12:00:00,-0.8193119
2026-02-08 13:00:00,-0.86859745
2026-02-08 14:00:00,-0.7716755
2026-02-08 15:00:00,-0.52148676
2026-02-08 16:00:00,-0.20760922
2026-02-08 17:00:00,0.027432369
2026-02-08 18:00:00,0.18438154
2026-02-08 19:00:00,0.19540586
2026-02-08 20:00:00,0.08074453
2026-02-08 21:00:00,-0.17582001
2026-02-08 22:00:00,-0.46325544
2026-02-08 23:00:00,-0.7376289
2026-02-09 00:00:00,-0.896067
2026-02-09 01:00:00,-1.0026115
2026-02-09 02:00:00,-0.99895567
2026-02-09 03:00:00,-0.77976847
2026-02-09 04:00:00,-0.50081456
2026-02-09 05:00:00,-0.21531034
2026-02-09 06:00:00,0.044291757
2026-02-09 07:00:00,0.18606491
2026-02-09 08:00:00,0.2019876
2026-02-09 09:00:00,0.09150466
2026-02-09 10:00:00,-0.118204884
2026-02-09 11:00:00,-0.3487461
2026-02-09 12:00:00,-0.5130956
2026-02-09 13:00:00,-0.63210666
2026-02-09 14:00:00,-0.6709286
2026-02-09 15:00:00,-0.6019505
2026-02-09 16:00:00,-0.40270662
2026-02-09 17:00:00,-0.22125167
2026-02-09 18:00:00,-0.0937346
2026-02-09 19:00:00,-0.0011565752
2026-02-09 20:00:00,-0.01510682
2026-02-09 21:00:00,-0.15724759
2026-02-09 22:00:00,-0.3809409
2026-02-09 23:00:00,-0.5707333
2026-02-10 00:00:00,-0.7243486
2026-02-10 01:00:00,-0.8061335
2026-02-10 02:00:00,-0.8889693
2026-02-10 03:00:00,-0.8366433
2026-02-10 04:00:00,-0.6649664
2026-02-10 05:00:00,-0.45377576
2026-02-10 06:00:00,-0.26422963
2026-02-10 07:00:00,-0.06932175
2026-02-10 08:00:00,0.042661566
2026-02-10 09:00:00,0.07110519
2026-02-10 10:00:00,-0.00987329
2026-02-10 11:00:00,-0.13971268
2026-02-10 12:00:00,-0.27794984
2026-02-10 13:00:00,-0.3834747
2026-02-10 14:00:00,-0.4927492
2026-02-10 15:00:00,-0.5335531
2026-02-10 16:00:00,-0.49309862
2026-02-10 17:00:00,-0.4167734
2026-02-10 18:00:00,-0.35064086
2026-02-10 19:00:00,-0.2830877
2026-02-10 20:00:00,-0.2203712
2026-02-10 21:00:00,-0.23436564
2026-02-10 22:00:00,-0.31340277
2026-02-10 23:00:00,-0.42929405
2026-02-11 00:00:00,-0.5268432
2026-02-11 01:00:00,-0.6303919
2026-02-11 02:00:00,-0.73512626
2026-02-11 03:00:00,-0.81589
2026-02-11 04:00:00,-0.7905467
2026-02-11 05:00:00,-0.6673884
2026-02-11 06:00:00,-0.52501726
2026-02-11 07:00:00,-0.36745054
2026-02-11 08:00:00,-0.18580578
2026-02-11 09:00:00,-0.048934333
2026-02-11 10:00:00,0.013831542
2026-02-11 11:00:00,-0.0075033708
2026-02-11 12:00:00,-0.07158597
2026-02-11 13:00:00,-0.14717914
2026-02-11 14:00:00,-0.2500811
2026-02-11 15:00:00,-0.36601347
2026-02-11 16:00:00,-0.47918433
2026-02-11 17:00:00,-0.5330151
2026-02-11 18:00:00,-0.5560398
2026-02-11 19:00:00,-0.52249426
2026-02-11 20:00:00,-0.43849367
2026-02-11 21:00:00,-0.35504985
2026-02-11 22:00:00,-0.3174208
2026-02-11 23:00:00,-0.3235989
2026-02-12 00:00:00,-0.3659976
2026-02-12 01:00:00,-0.42692405
2026-02-12 02:00:00,-0.52573097
2026-02-12 03:00:00,-0.6411961
2026-02-12 04:00:00,-0.7460566
2026-02-12 05:00:00,-0.79449886
2026-02-12 06:00:00,-0.743515
2026-02-12 07:00:00,-0.6330692
2026-02-12 08:00:00,-0.4811085
2026-02-12 09:00:00,-0.24643831
2026-02-12 10:00:00,-0.019904612
2026-02-12 11:00:00,0.087863415
2026-02-12 12:00:00,0.120420925
2026-02-12 13:00:00,0.10546826
2026-02-12 14:00:00,0.0111231
2026-02-12 15:00:00,-0.17101315
2026-02-12 16:00:00,-0.34026262
2026-02-12 17:00:00,-0.5216263
2026-02-12 18:00:00,-0.67495793
2026-02-12 19:00:00,-0.71010363
2026-02-12 20:00:00,-0.6809149
2026-02-12 21:00:00,-0.5729859
2026-02-12 22:00:00,-0.42134935
2026-02-12 23:00:00,-0.28558683
2026-02-13 00:00:00,-0.2118709
2026-02-13 01:00:00,-0.21376267
2026-02-13 02:00:00,-0.27508786
2026-02-13 03:00:00,-0.4136483
2026-02-13 04:00:00,-0.60668147
2026-02-13 05:00:00,-0.8025853
2026-02-13 06:00:00,-0.8816797
2026-02-13 07:00:00,-0.8404558
2026-02-13 08:00:00,-0.71492356
2026-02-13 09:00:00,-0.4836927
2026-02-13 10:00:00,-0.19699062
2026-02-13 11:00:00,0.092647344
2026-02-13 12:00:00,0.24022579
2026-02-13 13:00:00,0.3199145
2026-02-13 14:00:00,0.29911602
2026-02-13 15:00:00,0.123466924
2026-02-13 16:00:00,-0.15267856
2026-02-13 17:00:00,-0.4282113
2026-02-13 18:00:00,-0.73688984
2026-02-13 19:00:00,-0.88347846
2026-02-13 20:00:00,-0.8962515
2026-02-13 21:00:00,-0.80973876
2026-02-13 22:00:00,-0.6091056
2026-02-13 23:00:00,-0.33831057
2026-02-14 00:00:00,-0.1367309
2026-02-14 01:00:00,-0.026328515
2026-02-14 02:00:00,-0.04972869
2026-02-14 03:00:00,-0.16399753
2026-02-14 04:00:00,-0.40400252
2026-02-14 05:00:00,-0.7047702
2026-02-14 06:00:00,-0.96948236
